{"cameraMode":{"drawMode":0,"name":"Shaded","section":"Shading Mode"},"sceneLighting":true,"audioPlay":false,"sceneViewState":{"m_AlwaysRefresh":false,"showFog":true,"showSkybox":true,"showFlares":true,"showImageEffects":true,"showParticleSystems":true,"showVisualEffectGraphs":true,"m_FxEnabled":true},"in2DMode":false,"pivot":{"x":2.9205281734466554,"y":10.391727447509766,"z":5.5641303062438969},"rotation":{"x":-0.02916867658495903,"y":0.9464892148971558,"z":-0.30873745679855349,"w":-0.0894227847456932},"size":0.7794225811958313,"orthographic":false}